INSERT INTO users (user_id, username, password, enabled) VALUES
  ('1', 'peter@example.com', '$2a$10$D4OLKI6yy68crm.3imC9X.P2xqKHs5TloWUcr6z5XdOqnTrAK84ri', true),
  ('2', 'john@example.com', '$2a$10$D4OLKI6yy68crm.3imC9X.P2xqKHs5TloWUcr6z5XdOqnTrAK84ri', true),
  ('3', 'katie@example.com', '$2a$10$D4OLKI6yy68crm.3imC9X.P2xqKHs5TloWUcr6z5XdOqnTrAK84ri', true);

INSERT INTO CATEGORY VALUES (1, 'Category 1', 'Category 1');
INSERT INTO CATEGORY VALUES (2, 'Category 2', 'Category 2');
INSERT INTO CATEGORY VALUES (3, 'Category 3', 'Category 3');
INSERT INTO CATEGORY VALUES (4, 'Category 4', 'Category 4');

INSERT INTO public.product (id, description, price, title, category_id, rate) VALUES (3, 'Product 3 description', 332, 'Product 3', 3, 1);
INSERT INTO public.product (id, description, price, title, category_id, rate) VALUES (22, 'Product 22 description', 2232, 'Product 22', 1, 3);
INSERT INTO public.product (id, description, price, title, category_id, rate) VALUES (20, 'Product 20 description', 2032, 'Product 20', 4, 3);
INSERT INTO public.product (id, description, price, title, category_id, rate) VALUES (25, 'Product 25 description', 2532, 'Product 25', 1, 3);
INSERT INTO public.product (id, description, price, title, category_id, rate) VALUES (27, 'Product 27 description', 2732, 'Product 27', 1, 3);
INSERT INTO public.product (id, description, price, title, category_id, rate) VALUES (31, 'Product 31 description', 3132, 'Product 31', 1, 1);
INSERT INTO public.product (id, description, price, title, category_id, rate) VALUES (5, 'Product 5 description', 532, 'Product 5', 1, 4);
INSERT INTO public.product (id, description, price, title, category_id, rate) VALUES (30, 'Product 30 description', 3032, 'Product 30', 1, 3);
INSERT INTO public.product (id, description, price, title, category_id, rate) VALUES (28, 'Product 28 description', 2832, 'Product 28', 1, 3);
INSERT INTO public.product (id, description, price, title, category_id, rate) VALUES (9, 'Product 9 description', 932, 'Product 9', 1, 4);
INSERT INTO public.product (id, description, price, title, category_id, rate) VALUES (10, 'Product 10 description', 1032, 'Product 10', 2, 4);
INSERT INTO public.product (id, description, price, title, category_id, rate) VALUES (19, 'Product 19 description', 1932, 'Product 19', 3, 1);
INSERT INTO public.product (id, description, price, title, category_id, rate) VALUES (1, 'Product 1 description', 132, 'Product 1', 1, 1);
INSERT INTO public.product (id, description, price, title, category_id, rate) VALUES (16, 'Product 16 description', 1632, 'Product 16', 4, 4);
INSERT INTO public.product (id, description, price, title, category_id, rate) VALUES (7, 'Product 7 description', 732, 'Product 7', 3, 4);
INSERT INTO public.product (id, description, price, title, category_id, rate) VALUES (21, 'Product 21 description', 2132, 'Product 21', 1, 1);
INSERT INTO public.product (id, description, price, title, category_id, rate) VALUES (26, 'Product 26 description', 2632, 'Product 26', 1, 1);
INSERT INTO public.product (id, description, price, title, category_id, rate) VALUES (24, 'Product 24 description', 2432, 'Product 24', 1, 4);
INSERT INTO public.product (id, description, price, title, category_id, rate) VALUES (29, 'Product 29 description', 2932, 'Product 29', 1, 1);
INSERT INTO public.product (id, description, price, title, category_id, rate) VALUES (2, 'Product 2 description', 232, 'Product 2', 2, 5);
INSERT INTO public.product (id, description, price, title, category_id, rate) VALUES (4, 'Product 4 description', 432, 'Product 4', 4, 2);
INSERT INTO public.product (id, description, price, title, category_id, rate) VALUES (6, 'Product 6 description', 632, 'Product 6', 2, 4);
INSERT INTO public.product (id, description, price, title, category_id, rate) VALUES (11, 'Product 11 description', 1132, 'Product 11', 3, 2);
INSERT INTO public.product (id, description, price, title, category_id, rate) VALUES (15, 'Product 15 description', 1532, 'Product 15', 3, 2);
INSERT INTO public.product (id, description, price, title, category_id, rate) VALUES (14, 'Product 14 description', 1432, 'Product 14', 2, 5);
INSERT INTO public.product (id, description, price, title, category_id, rate) VALUES (12, 'Product 12 description', 1232, 'Product 12', 4, 5);
INSERT INTO public.product (id, description, price, title, category_id, rate) VALUES (13, 'Product 13 description', 1332, 'Product 13', 1, 5);
INSERT INTO public.product (id, description, price, title, category_id, rate) VALUES (17, 'Product 17 description', 1732, 'Product 17', 1, 2);
INSERT INTO public.product (id, description, price, title, category_id, rate) VALUES (23, 'Product 23 description', 2332, 'Product 23', 1, 2);
INSERT INTO public.product (id, description, price, title, category_id, rate) VALUES (8, 'Product 8 description', 832, 'Product 8', 4, 3);
INSERT INTO public.product (id, description, price, title, category_id, rate) VALUES (18, 'Product 18 description', 1832, 'Product 18', 2, 3);